key,year,objective,dataset,method,baselines,metrics,main_finding,limitation,reproducibility,unresolved_issue,relevance
li2018dcrnn,2018,"network-wide multi-step forecasting","METR-LA; PEMS-BAY","diffusion graph convolution plus seq2seq GRU","HA; ARIMA; VAR; SVR; FNN; FC-LSTM; STGCN",MAE; RMSE; MAPE,"models directed spatial diffusion and temporal dynamics","recurrent training cost; fixed benchmark graph","official code available","robustness and uncertainty not central","canonical split/data/baseline anchor"
yu2018stgcn,2018,"traffic forecasting without recurrent units","BJER4; PeMSD7(M)","temporal convolution plus spectral graph convolution","HA; ARIMA; SVR; FC-LSTM",MAE; MAPE; RMSE,"efficient all-convolutional spatiotemporal model","fixed graph; datasets/protocol differ from DCRNN speed benchmarks","official code available","dynamic graph and distribution shift","classical graph baseline family"
wu2019graphwavenet,2019,"learn hidden spatial dependencies and long temporal ranges","METR-LA; PEMS-BAY","adaptive adjacency plus dilated temporal convolutions","DCRNN; STGCN and others",MAE; RMSE; MAPE,"adaptive graph improves canonical benchmarks","quadratic adaptive adjacency; deterministic point forecasts","official code available","calibration and missing-data robustness","strong compatible baseline/backbone"
bai2020agcrn,2020,"learn node-specific patterns and graph structure","PeMSD4; PeMSD8","node-adaptive parameters plus learned graph recurrent network","DCRNN; STGCN; Graph WaveNet and others",MAE; RMSE; MAPE,"learns fine-grained node dependencies without predefined graph","O(N^2) learned graph; reviewer raised dataset/reporting issues","official repository verified","large-scale graph cost and protocol sensitivity","adaptive graph comparator"
jiang2023pdformer,2023,"model dynamic long-range and delayed propagation","six public traffic datasets","masked spatial attention plus delay-aware transform","graph and transformer traffic baselines",MAE; RMSE; MAPE,"competitive accuracy and efficiency with interpretable attention","large attention/engineering footprint; point forecasting","LibCity implementation available","uncertainty and NISQ comparison absent","strong transformer baseline"
liu2023staeformer,2023,"test whether adaptive embeddings make a simple transformer competitive","METR-LA; PEMS-BAY; PeMS03/04/07/08","vanilla transformer with spatiotemporal adaptive embedding","recent GNN/transformer models",MAE; RMSE; MAPE,"strong performance from representation rather than architectural complexity","deterministic; parameter/compute heavy relative to tiny hybrid heads","official code and configs available","robust cross-city probabilistic evaluation","primary recent SOTA-style baseline"
lee2024testam,2024,"handle recurring and non-recurring traffic","METR-LA; PEMS-BAY; EXPY-TKY","mixture of temporal/static-graph/dynamic-graph experts",recent graph forecasting models,MAE; RMSE; MAPE,"expert routing improves event-sensitive modelling","complex model; no quantum or probabilistic calibration study","official code available","robustness to controlled corruption and transfer","non-recurring-event comparator"
schetakis2025trafficqnn,2025,"compare data-reuploading QNNs with classical NNs for traffic forecasting","single Athens loop detector; 40 days; 1.5-minute flow","hybrid dense/recurrent QVC models with 2--14 qubits","matched dense NN and LSTM variants",MSE; MAE; R2,"hybrid recursive variants competitive and sometimes better at >=6 qubits","one detector; one-step easy regular series; classical simulation; no graph; no noise experiment; future work calls for multi-input/output and transfer","dataset on Zenodo; no full code-availability section found","benchmark-scale multihorizon transfer; matched Fourier controls; hardware noise","closest evidence and direct gap source"
rajagopal2025mthqgnn,2025,"quantum-inspired graph traffic prediction","Los-loop; SZ-taxi","hyperbolic embeddings; meta-learning; quantum-inspired attention; Neural ODE","several classical models",RMSE; MAE; R2,"reports cross-dataset predictive gains","quantum operation/hardware resource accounting unclear; data only on request; no code section found","low","distinguish actual executable VQC from quantum-inspired terminology","shows graph ambition but weakens reproducible novelty claims"
bowles2026benchmark,2026,"systematically benchmark popular QML classifiers","160 small datasets from six tasks","12 QML model families and classical controls","SVC; MLP and other classical models",accuracy/rankings,"out-of-box classical models generally win; removing entanglement often does not hurt","classification not forecasting; simulated small tasks","open-source package stated","task-specific matched benchmarking","justifies separable and strong classical ablations"
schuld2021encoding,2021,"characterize expressive effect of quantum data encoding",synthetic/theoretical,"Fourier analysis of variational quantum models",theoretical comparisons,theoretical frequency spectrum,"encoding generators determine accessible frequencies","does not prove empirical quantum advantage","derivations and code context available","whether quantum frequency bias helps real traffic residuals","basis for matched classical Fourier baseline"
wang2021noisebp,2021,"analyze noise-induced barren plateaus",theory plus QAOA simulations/hardware,"local Pauli noise analysis",noise-free comparisons,gradient magnitude/approximation ratio,"noise can exponentially suppress gradients with depth","not traffic-specific","open article","shallow trainable circuit design","sets depth/noise risk controls"
liu2023largest,2023,"create realistic large-scale traffic benchmark","LargeST","8600 sensors and five years plus baselines",standard traffic forecasting models,MAE; RMSE; MAPE; efficiency,"small benchmarks do not reflect operational scale","too costly for full early QML sweeps","official dataset/code repository","quantum-module scaling independent of N","phase-two scalability validation"
