seed,model,MAE,WIS,coverage90,width90
42,constant,50.057247161865234,31.467191696166992,0.8855083272869485,215.7195281982422
42,mlp,50.057247161865234,27.066308975219727,0.8905229672568967,174.12364196777344
42,fourier,50.057247161865234,26.88204574584961,0.8966111621408833,175.040283203125
73,constant,33.03499221801758,20.48741912841797,0.9266628201367769,164.99337768554688
73,mlp,33.03499221801758,18.942501068115234,0.9002693857387652,127.99739837646484
73,fourier,33.03499221801758,18.90228843688965,0.9020355411643022,128.3318634033203
202,constant,38.845157623291016,24.274662017822266,0.9247975265140405,196.26235961914062
202,mlp,38.845157623291016,22.235309600830078,0.86707899473064,144.2643585205078
202,fourier,38.845157623291016,22.28324317932129,0.8647176885056939,141.85894775390625
