dataset,model,seed,MAE,RMSE,MAPE,WAPE,Laplace_NLL,parameters,total_seconds,inference_seconds,interval90_coverage,interval90_mean_width,interval90_interval_score,interval90_calibration_error
metr_la,fourier,101,3.9033942222595215,7.839527130126953,11.093476295471191,6.759143829345703,2.7937984466552734,4196,133.23486709999997,0.6108011999967857,0.9153739590266338,17.63156760674467,31.352620196383103,0.015373959026633743
metr_la,fourier,17,3.899362087249756,7.802026748657227,11.152512550354004,6.752161502838135,2.7930445671081543,4196,232.25080739999976,1.170425600001181,0.9179199391786924,17.903125481478718,31.325822775867582,0.01791993917869239
metr_la,fourier,202,3.9091851711273193,7.8359761238098145,11.183958053588867,6.769171237945557,2.795933723449707,4196,130.13250629999675,0.6458658999981708,0.9159191429646792,17.585158634834595,31.43595367634334,0.015919142964679223
metr_la,fourier,42,3.90439510345459,7.817435264587402,11.214700698852539,6.760876655578613,2.794656991958618,4196,182.52286860000459,0.579013099995791,0.9174561740253421,17.858449313759525,31.320735487661597,0.017456174025342053
metr_la,fourier,73,3.902952194213867,7.842329978942871,11.142815589904785,6.758378505706787,2.793853759765625,4196,132.6507982999974,0.6445887999943807,0.9138428968884075,17.260803986106012,31.34668738972145,0.013842896888407452
metr_la,historical_average,0,5.161043167114258,9.012260437011719,16.650196075439453,8.936897277832031,,0,4.380709999939427,0.0,,,,
metr_la,mlp,101,3.905897378921509,7.794129848480225,11.247956275939941,6.763477802276611,2.7981393337249756,4344,208.63236049999978,1.1358791999955429,0.9175302154901719,18.002444690599884,31.48949693481216,0.017530215490171863
metr_la,mlp,17,3.887593984603882,7.802550315856934,11.038056373596191,6.731783866882324,2.7922444343566895,4344,210.04096800000116,1.1330015000057756,0.9145667461002817,17.502993960602964,31.47294639015003,0.014566746100281636
metr_la,mlp,202,3.899266004562378,7.810567855834961,11.130391120910645,6.75199556350708,2.7965290546417236,4344,208.90976819999923,1.134066200000234,0.9143497187631534,17.65921567312328,31.552564135628305,0.014349718763153385
metr_la,mlp,42,3.9075396060943604,7.8462395668029785,11.148580551147461,6.766322135925293,2.7963292598724365,4344,209.08628659999522,1.1771016999991843,0.9142809755553177,17.65273219509335,31.60329129284632,0.01428097555531771
metr_la,mlp,73,3.9013876914978027,7.807868480682373,11.174307823181152,6.755669593811035,2.795732021331787,4344,207.99160269999993,1.1086626000032993,0.9161503213426401,17.808588121627995,31.477542569536254,0.01615032134264005
metr_la,none,101,3.87679123878479,7.7399468421936035,10.995573043823242,6.713078022003174,3.0290274620056152,3864,202.2534827000054,1.0886647000006633,0.8881492343280911,16.795317665080887,39.97524045981589,0.011850765671908903
metr_la,none,17,3.8762645721435547,7.728608131408691,11.018234252929688,6.7121663093566895,3.0289061069488525,3864,122.85407750000013,0.5323169000039343,0.8881138902592819,16.78901084479652,39.91534566388154,0.011886109740718132
metr_la,none,202,3.8777143955230713,7.743285655975342,10.923710823059082,6.714676380157471,3.0292279720306396,3864,205.73007869999856,1.1367686000012327,0.8884902677055007,16.796576192771475,39.984188416584075,0.011509732294499364
metr_la,none,42,3.8739418983459473,7.718920707702637,10.987579345703125,6.708144664764404,3.0282015800476074,3864,203.1571105000039,1.1311707999993814,0.8881380342152048,16.793086736341206,39.85824474293163,0.011861965784795259
metr_la,none,73,3.8766117095947266,7.730215549468994,10.922999382019043,6.712767601013184,3.029067277908325,3864,207.6727658000018,1.145152600001893,0.8885120643323754,16.79080155119057,39.91979535469633,0.011487935667624627
metr_la,persistence,0,4.234818935394287,8.149955749511719,10.947771072387695,7.333041667938232,,0,1.1347815999761224,0.0,,,,
metr_la,quantum,101,3.904773473739624,7.818270206451416,11.206583976745605,6.761532306671143,2.7975027561187744,4140,1542.8382505000045,4.5082580000016605,0.9133996540975915,17.32038301949806,31.425685543670603,0.013399654097591474
metr_la,quantum,17,3.897318124771118,7.81050443649292,11.150274276733398,6.748622417449951,2.7952497005462646,4140,1545.3319981999957,4.564324300001317,0.9160674270939717,17.6578378116116,31.4917840884336,0.016067427093971687
metr_la,quantum,202,3.892357349395752,7.797464370727539,11.090644836425781,6.740032196044922,2.795046091079712,4140,1544.8352115999878,4.5383620000066,0.9139423565735005,17.359421627815838,31.397487587697952,0.013942356573500514
metr_la,quantum,42,3.898643970489502,7.798430919647217,11.166230201721191,6.750918388366699,2.794456720352173,4140,1544.5643003000005,4.535046299999522,0.9171055501321077,17.71651386868796,31.214028190544056,0.017105550132107683
metr_la,quantum,73,3.891494035720825,7.786883354187012,11.077098846435547,6.738537311553955,2.795306444168091,4140,1543.9188213000016,4.544039300002623,0.9126648730390078,17.00790074471097,31.373340405228063,0.012664873039007762
metr_la,separable,101,3.898798704147339,7.809479713439941,11.15754508972168,6.751186370849609,2.7950150966644287,4140,1534.919988200003,4.510149800000363,0.9157852781423962,17.668877941465826,31.275415808646486,0.015785278142396164
metr_la,separable,17,3.891284704208374,7.7878546714782715,11.076162338256836,6.738174915313721,2.7944555282592773,4140,1550.165563800001,4.5456386000005296,0.9140699171406259,17.268738294992833,31.369734068011738,0.014069917140625887
metr_la,separable,202,3.8869848251342773,7.793481349945068,11.05245304107666,6.730729103088379,2.795135021209717,4140,1536.7399907,4.520454299999983,0.9125418729968899,17.302534980993443,31.461712571283112,0.012541872996889913
metr_la,separable,42,3.8854005336761475,7.77194881439209,11.068506240844727,6.727985858917236,2.7931969165802,4140,1539.2522935000015,4.559335500001907,0.9126344918944715,17.159580937481962,31.250826426685375,0.012634491894471522
metr_la,separable,73,3.89880108833313,7.811208248138428,11.03024673461914,6.751190662384033,2.7965128421783447,4140,1538.2972022999966,4.508833199994115,0.9134984431172423,17.24423572895821,31.447453609810964,0.013498443117242243
metr_la,staeformer,101,2.9227030277252197,5.9503703117370605,8.059185028076172,5.059910774230957,,1258980,6498.408619099995,25.23618069998338,,,,
metr_la,staeformer,17,2.9256844520568848,5.941121578216553,8.06978702545166,5.065072536468506,,1258980,6871.127692300011,24.815524400008144,,,,
metr_la,staeformer,202,2.9323525428771973,5.967890739440918,8.073385238647461,5.076616287231445,,1258980,6966.764875099994,24.96168999999645,,,,
metr_la,staeformer,42,2.9277822971343994,5.9647016525268555,8.06749153137207,5.068704128265381,,1258980,6936.66112840001,25.563060899992706,,,,
metr_la,staeformer,73,2.9424679279327393,5.977338790893555,8.107068061828613,5.094128131866455,,1258980,6981.305783399992,25.375476399989566,,,,
pems_bay,fourier,101,2.0432918071746826,4.87645959854126,4.596616744995117,3.2710845470428467,2.0092761516571045,4196,291.53960519999964,1.1653597000113223,0.9182239640469082,9.4379369583231,15.76707843125869,0.01822396404690818
pems_bay,fourier,17,2.0302555561065674,4.825942039489746,4.574460029602051,3.2502145767211914,2.005044937133789,4196,292.08833060000325,1.1473236000019824,0.9205411237352968,9.263165405790156,15.574636301671331,0.020541123735296818
pems_bay,fourier,202,2.0347695350646973,4.854444980621338,4.593794345855713,3.257441282272339,2.008147954940796,4196,291.9603677999985,1.150340199994389,0.9306092931547355,9.610067663907484,15.694989642048343,0.030609293154735484
pems_bay,fourier,42,2.038713216781616,4.825498104095459,4.634012699127197,3.2637546062469482,2.0042691230773926,4196,291.8381364000088,1.1594187999871792,0.9230967373429093,9.352400465386491,15.43570107325457,0.02309673734290929
pems_bay,fourier,73,2.0409700870513916,4.870265007019043,4.600675582885742,3.2673676013946533,2.005148410797119,4196,291.9706498000014,1.1888624999992317,0.9135436402229357,9.33325693935876,15.618392441438553,0.013543640222935638
pems_bay,historical_average,0,3.8420536518096924,7.164183139801025,9.456029891967773,6.150702953338623,,0,8.74446280009579,0.0,,,,
pems_bay,mlp,101,2.0306389331817627,4.804048538208008,4.637579441070557,3.250828266143799,2.0080268383026123,4344,286.8279123999964,1.1278496000013547,0.9231833963096249,9.468389128787853,15.614122912603401,0.02318339630962485
pems_bay,mlp,17,2.0256049633026123,4.798050403594971,4.62800931930542,3.242769718170166,2.010624408721924,4344,287.59871730000305,1.1093376000062563,0.9205621043272385,9.422970703393384,15.659677038085988,0.020562104327238484
pems_bay,mlp,202,2.02707576751709,4.808352470397949,4.589715480804443,3.245124578475952,2.0125179290771484,4344,287.55498469999293,1.1618424999905983,0.9297633635769429,9.762178045823726,15.709555173826775,0.02976336357694287
pems_bay,mlp,42,2.0404951572418213,4.833365440368652,4.659595489501953,3.2666072845458984,2.0145082473754883,4344,288.07306990001234,1.1176299000071594,0.9317803356184674,9.899454662161263,15.748613279314707,0.03178033561846738
pems_bay,mlp,73,2.0286765098571777,4.819986820220947,4.6080732345581055,3.2476871013641357,2.0050837993621826,4344,287.1469125000003,1.1595003999973414,0.9242547871251451,9.590158931430459,15.57507554691708,0.02425478712514506
pems_bay,none,101,1.9938178062438965,4.692880630493164,4.507410526275635,3.1918818950653076,2.335517644882202,3864,283.26471930000116,1.1302158000034979,0.9109906152900046,9.139261467507614,22.19456783384158,0.010990615290004557
pems_bay,none,17,1.989234447479248,4.661256313323975,4.5358991622924805,3.184544563293457,2.333469867706299,3864,284.47576780000236,1.0859894999885,0.9103521988054819,9.110990875532027,22.094171745541498,0.010352198805481883
pems_bay,none,202,1.9918678998947144,4.700939655303955,4.4857401847839355,3.18876051902771,2.334660768508911,3864,282.91554370000085,1.141624600000796,0.9114446934831668,9.124780634945965,22.20724389113012,0.01144469348316679
pems_bay,none,42,1.991452932357788,4.673532962799072,4.524319648742676,3.188096046447754,2.334380626678467,3864,282.96617269999115,1.0826563999871723,0.9108804856728444,9.144786964682384,22.133423534766322,0.010880485672844387
pems_bay,none,73,1.9880000352859497,4.673791408538818,4.512336730957031,3.182568311691284,2.333057403564453,3864,283.09999000000244,1.1069581999909133,0.9112193801697066,9.13789926745155,22.118385262710195,0.011219380169706583
pems_bay,persistence,0,2.169196605682373,5.122519016265869,4.670012950897217,3.472644090652466,,0,2.5521450000815094,0.0,,,,
pems_bay,quantum,101,2.026463508605957,4.806376934051514,4.5782999992370605,3.2441439628601074,2.006995916366577,4140,3951.3602944000013,12.638849100010702,0.9198782257845015,9.205023751382868,15.511280584176133,0.01987822578450149
pems_bay,quantum,17,2.034079074859619,4.83453893661499,4.600893974304199,3.256335496902466,2.006253957748413,4140,3941.506698600002,12.663880699998117,0.9248582688284911,9.437625241868023,15.601129488175975,0.02485826882849107
pems_bay,quantum,202,2.0276002883911133,4.827410697937012,4.5470452308654785,3.2459640502929688,2.0031754970550537,4140,3943.0023324000067,12.506001800007652,0.9121092186009047,8.961131432447708,15.432204410021852,0.012109218600904637
pems_bay,quantum,42,2.0253336429595947,4.783053398132324,4.573444843292236,3.242335319519043,2.0023868083953857,4140,3957.9413686000044,12.501497699995525,0.9218368170484493,9.375871940444174,15.394050376907604,0.02183681704844931
pems_bay,quantum,73,2.0341222286224365,4.859561443328857,4.567896366119385,3.2564048767089844,2.010155200958252,4140,3944.6442675,12.55983520000882,0.9244274887074614,9.491197863909528,15.774807110230984,0.024427488707461364
pems_bay,separable,101,2.026618003845215,4.79423189163208,4.605457782745361,3.244391441345215,2.0172088146209717,4140,3904.4496832000004,12.587824200003524,0.9232899510903202,9.492892930016275,15.586134046806176,0.02328995109032017
pems_bay,separable,17,2.02689528465271,4.795385360717773,4.595001220703125,3.244835138320923,2.007262945175171,4140,3635.6962517999928,10.834532200009562,0.9168105230168188,9.383301825412387,15.500509694421352,0.016810523016818735
pems_bay,separable,202,2.0278680324554443,4.805573463439941,4.60302209854126,3.2463924884796143,2.00834584236145,4140,3911.1989754000097,12.5841897999926,0.9249431280499518,9.59891320043428,15.62531781359775,0.0249431280499518
pems_bay,separable,42,2.0237433910369873,4.808178424835205,4.5574212074279785,3.2397897243499756,2.004732370376587,4140,3631.1761889999907,10.782489699995494,0.9221850800822537,9.357438211706747,15.549698193358033,0.022185080082253728
pems_bay,separable,73,2.018897533416748,4.8068976402282715,4.545705318450928,3.2320315837860107,2.0065572261810303,4140,3880.3308768999996,13.000945300009334,0.9277031236871721,9.623853977988288,15.720559067106716,0.027703123687172093
pems_bay,staeformer,101,1.5415107011795044,3.5416431427001953,3.4770429134368896,2.4677035808563232,,1372260,12376.532739599992,55.66993649999495,,,,
pems_bay,staeformer,17,1.5416933298110962,3.5556294918060303,3.4545321464538574,2.4679958820343018,,1372260,15301.663435499999,55.34242269999231,,,,
pems_bay,staeformer,202,1.536966323852539,3.555243968963623,3.403648853302002,2.460428476333618,,1372260,17838.684819800023,62.06097960000625,,,,
pems_bay,staeformer,42,1.539650797843933,3.5421948432922363,3.4734747409820557,2.464725971221924,,1372260,15238.37201999998,62.04306260001613,,,,
pems_bay,staeformer,73,1.5369620323181152,3.568695306777954,3.451061248779297,2.4604218006134033,,1372260,17717.52772360001,55.577767900016624,,,,
