,,seed,seed,seed,MAE,MAE,MAE,RMSE,RMSE,RMSE,MAPE,MAPE,MAPE,WAPE,WAPE,WAPE,Laplace_NLL,Laplace_NLL,Laplace_NLL,parameters,parameters,parameters,total_seconds,total_seconds,total_seconds,inference_seconds,inference_seconds,inference_seconds,interval90_coverage,interval90_coverage,interval90_coverage,interval90_mean_width,interval90_mean_width,interval90_mean_width,interval90_interval_score,interval90_interval_score,interval90_interval_score,interval90_calibration_error,interval90_calibration_error,interval90_calibration_error
,,mean,std,median,mean,std,median,mean,std,median,mean,std,median,mean,std,median,mean,std,median,mean,std,median,mean,std,median,mean,std,median,mean,std,median,mean,std,median,mean,std,median,mean,std,median
dataset,model,,,,,,,,,,,,,,,,,,,,,,,,,,,,,,,,,,,,,,,
metr_la,fourier,87.0,71.66240297394444,73.0,3.9038577556610106,0.003532564132989381,3.9033942222595215,7.827459049224854,0.017223543896682125,7.8359761238098145,11.157492637634277,0.04558368560492887,11.152512550354004,6.759946346282959,0.0061169855022622215,6.759143829345703,2.7942574977874757,0.001097071240690694,2.793853759765625,4196.0,0.0,4196.0,162.15836953999968,44.89037852722664,133.23486709999997,0.7301389199972619,0.24766591933851995,0.6445887999943807,0.9161024224167511,0.0016436024822953559,0.9159191429646792,17.647821004584706,0.25666981642966563,17.63156760674467,31.356363905195415,0.04648743565564657,31.34668738972145,0.016102422416750972,0.001643602482295356,0.015919142964679223
metr_la,historical_average,0.0,,0.0,5.161043167114258,,5.161043167114258,9.012260437011719,,9.012260437011719,16.650196075439453,,16.650196075439453,8.936897277832031,,8.936897277832031,,,,0.0,,0.0,4.380709999939427,,4.380709999939427,0.0,,0.0,,,,,,,,,,,,
metr_la,mlp,87.0,71.66240297394444,73.0,3.9003369331359865,0.00786496620329023,3.9013876914978027,7.812271213531494,0.019998371717980672,7.807868480682373,11.147858428955079,0.07596260444743066,11.148580551147461,6.753849792480469,0.013619038494985686,6.755669593811035,2.7957948207855225,0.0021754685117180953,2.7963292598724365,4344.0,0.0,4344.0,208.93219719999905,0.7463644133840593,208.90976819999923,1.1377422400008073,0.024669066447658865,1.134066200000234,0.9153755954503129,0.0014271861027233212,0.9145667461002817,17.725194928209497,0.18894393034160642,17.65921567312328,31.51916826459461,0.056880392187592325,31.48949693481216,0.015375595450312928,0.001427186102723345,0.014566746100281636
metr_la,none,87.0,71.66240297394444,73.0,3.876264762878418,0.0014048739606262188,3.8766117095947266,7.7321953773498535,0.009696447717306118,7.730215549468994,10.969619369506836,0.04370520196732402,10.987579345703125,6.712166595458984,0.002432429436193761,6.712767601013184,3.028886079788208,0.00039957883377802247,3.0290274620056152,3864.0,0.0,3864.0,188.33350304000197,36.66642970656566,203.1571105000039,1.006814720001421,0.26614724073843654,1.1311707999993814,0.8882806981680907,0.00020181075052366329,0.8881492343280911,16.79295859803613,0.00311874234070787,16.793086736341206,39.930562927581896,0.05111066554234196,39.91979535469633,0.011719301831909256,0.00020181075052365307,0.011850765671908903
metr_la,persistence,0.0,,0.0,4.234818935394287,,4.234818935394287,8.149955749511719,,8.149955749511719,10.947771072387695,,10.947771072387695,7.333041667938232,,7.333041667938232,,,,0.0,,0.0,1.1347815999761224,,1.1347815999761224,0.0,,0.0,,,,,,,,,,,,
metr_la,quantum,87.0,71.66240297394444,73.0,3.896917390823364,0.005363451832013728,3.897318124771118,7.802310657501221,0.012230962408122787,7.798430919647217,11.138166427612305,0.053857886044339734,11.150274276733398,6.747928524017334,0.00928749894206884,6.748622417449951,2.795512342453003,0.0011624166420276928,2.7952497005462646,4140.0,0.0,4140.0,1544.297716379998,0.9621991890461421,1544.5643003000005,4.538005980002344,0.020142515284080866,4.5383620000066,0.9146359721872358,0.0018736792192341966,0.9139423565735005,17.412411414464884,0.2861898163784647,17.359421627815838,31.380465163114856,0.1030516580457249,31.397487587697952,0.014635972187235825,0.0018736792192342016,0.013942356573500514
metr_la,separable,87.0,71.66240297394444,73.0,3.8922539710998536,0.006351599341174418,3.891284704208374,7.79479455947876,0.016254826633833496,7.793481349945068,11.076982688903808,0.04834453593179929,11.068506240844727,6.739853382110596,0.010998617901416966,6.738174915313721,2.7948630809783936,0.0012001015890064483,2.7950150966644287,4140.0,0.0,4140.0,1539.8750077000004,5.982335194931626,1538.2972022999966,4.5288822799993795,0.022539272012115856,4.520454299999983,0.9137060006583251,0.0013230867732171602,0.9134984431172423,17.328793576778455,0.19731730331716957,17.268738294992833,31.361028496887535,0.0963799753761394,31.369734068011738,0.013706000658325146,0.0013230867732171815,0.013498443117242243
metr_la,staeformer,87.0,71.66240297394444,73.0,2.930198049545288,0.00770674268484124,2.9277822971343994,5.960284614562989,0.014437136600499665,5.9647016525268555,8.075383377075195,0.018465499556539453,8.06978702545166,5.072886371612549,0.013342019671800901,5.068704128265381,,,,1258980.0,0.0,1258980.0,6850.853619660001,201.52210248471664,6936.66112840001,25.19038647999405,0.30334191573386454,25.23618069998338,,,,,,,,,,,,
pems_bay,fourier,87.0,71.66240297394444,73.0,2.037600040435791,0.005170730003978658,2.038713216781616,4.8505219459533695,0.024022411130594647,4.854444980621338,4.599911880493164,0.021561122040782168,4.596616744995117,3.261972522735596,0.008277878909604311,3.2637546062469482,2.0063773155212403,0.002194785255172329,2.005148410797119,4196.0,0.0,4196.0,291.87941796000234,0.20958142536572497,291.9603677999985,1.162260959998821,0.016511747608511332,1.1594187999871792,0.9212029517005572,0.006325407489229278,0.9205411237352968,9.399365486553197,0.13323820886061644,9.352400465386491,15.618159577934298,0.12576279195300222,15.618392441438553,0.021202951700557082,0.006325407489229273,0.020541123735296818
pems_bay,historical_average,0.0,,0.0,3.8420536518096924,,3.8420536518096924,7.164183139801025,,7.164183139801025,9.456029891967773,,9.456029891967773,6.150702953338623,,6.150702953338623,,,,0.0,,0.0,8.74446280009579,,8.74446280009579,0.0,,0.0,,,,,,,,,,,,
pems_bay,mlp,87.0,71.66240297394444,73.0,2.0304982662200928,0.005893520262850579,2.0286765098571777,4.812760734558106,0.014040114055263689,4.808352470397949,4.624594593048096,0.026901845398655234,4.62800931930542,3.2506033897399904,0.0094348256393207,3.2476871013641357,2.010152244567871,0.003708121196820707,2.010624408721924,4344.0,0.0,4344.0,287.440319360001,0.47427343474901773,287.55498469999293,1.135232000000542,0.02414501839466344,1.1278496000013547,0.9259087973914838,0.004692635969538197,0.9242547871251451,9.628630294319336,0.2003958484987296,9.590158931430459,15.66140879014959,0.07002692207163361,15.659677038085988,0.025908797391483728,0.0046926359695381985,0.02425478712514506
pems_bay,none,87.0,71.66240297394444,73.0,1.9908746242523194,0.0022878373289346326,1.991452932357788,4.680480194091797,0.0160851005795733,4.673791408538818,4.513141250610351,0.018889057616997555,4.512336730957031,3.1871702671051025,0.0036625715263078743,3.188096046447754,2.3342172622680666,0.000977017336425982,2.334380626678467,3864.0,0.0,3864.0,283.3444386999996,0.6467325509756268,283.09999000000244,1.1094888999941759,0.026176883402493828,1.1069581999909133,0.9109774746842408,0.00041150976245330314,0.9109906152900046,9.131543842023907,0.013633587888153277,9.13789926745155,22.149558453597944,0.04912546406486097,22.133423534766322,0.01097747468424084,0.00041150976245330715,0.010990615290004557
pems_bay,persistence,0.0,,0.0,2.169196605682373,,2.169196605682373,5.122519016265869,,5.122519016265869,4.670012950897217,,4.670012950897217,3.472644090652466,,3.472644090652466,,,,0.0,,0.0,2.5521450000815094,,2.5521450000815094,0.0,,0.0,,,,,,,,,,,,
pems_bay,quantum,87.0,71.66240297394444,73.0,2.0295197486877443,0.004257895287753625,2.0276002883911133,4.82218828201294,0.028974572234268192,4.827410697937012,4.573516082763672,0.019395405979700974,4.573444843292236,3.249036741256714,0.006816359320093576,3.2459640502929688,2.0057934761047362,0.0031281683463228677,2.006253957748413,4140.0,0.0,4140.0,3947.690992300003,6.856484967265329,3944.6442675,12.574012900004163,0.07477453684113869,12.55983520000882,0.9206220037939616,0.005170206610557667,0.9218368170484493,9.29417004601046,0.21502112324623351,9.375871940444174,15.542694393902508,0.15213553257867385,15.511280584176133,0.020622003793961573,0.005170206610557663,0.02183681704844931
pems_bay,separable,87.0,71.66240297394444,73.0,2.024804449081421,0.003642238810136419,2.026618003845215,4.802053356170655,0.006689771674942481,4.805573463439941,4.58132152557373,0.027750438075325377,4.595001220703125,3.2414880752563477,0.0058308503153165925,3.244391441345215,2.008821439743042,0.004869556110891105,2.007262945175171,4140.0,0.0,4140.0,3792.570395259999,145.7302335947231,3880.3308768999996,11.957996240002103,1.0630770727348233,12.5841897999926,0.9229863611853034,0.004029639573878339,0.9232899510903202,9.491280029111596,0.12117784193016425,9.492892930016275,15.596443763058005,0.08326629503380456,15.586134046806176,0.022986361185303304,0.004029639573878326,0.02328995109032017
pems_bay,staeformer,87.0,71.66240297394444,73.0,1.5393566370010376,0.0023256388858969926,1.539650797843933,3.5526813507080077,0.0112195611664717,3.555243968963623,3.4519519805908203,0.029297725555344423,3.4545321464538574,2.464255142211914,0.003723050597786238,2.464725971221924,,,,1372260.0,0.0,1372260.0,15694.556147700001,2239.500487708457,15301.663435499999,58.13883386000525,3.57423620028315,55.66993649999495,,,,,,,,,,,,
