dataset,model,label,runs,MAE_mean,MAE_sd,RMSE_mean,RMSE_sd,MAPE_mean,MAPE_sd,WAPE_mean,WAPE_sd,Laplace_NLL_mean,Laplace_NLL_sd,interval90_coverage_mean,interval90_coverage_sd,interval90_mean_width_mean,interval90_mean_width_sd,interval90_interval_score_mean,interval90_interval_score_sd
metr_la,fourier,Fourier,5,3.903858,0.003533,7.827459,0.017224,11.157493,0.045584,6.759946,0.006117,2.794257,0.001097,0.916102,0.001644,17.647821,0.256670,31.356364,0.046487
metr_la,historical_average,Historical average,1,5.161043,,9.012260,,16.650196,,8.936897,,,,,,,,,
metr_la,mlp,MLP,5,3.900337,0.007865,7.812271,0.019998,11.147858,0.075963,6.753850,0.013619,2.795795,0.002175,0.915376,0.001427,17.725195,0.188944,31.519168,0.056880
metr_la,none,QUARTS backbone,5,3.876265,0.001405,7.732195,0.009696,10.969619,0.043705,6.712167,0.002432,3.028886,0.000400,0.888281,0.000202,16.792959,0.003119,39.930563,0.051111
metr_la,persistence,Persistence,1,4.234819,,8.149956,,10.947771,,7.333042,,,,,,,,,
metr_la,quantum,Entangled QUARTS,5,3.896917,0.005363,7.802311,0.012231,11.138166,0.053858,6.747929,0.009287,2.795512,0.001162,0.914636,0.001874,17.412411,0.286190,31.380465,0.103052
metr_la,separable,Separable VQC,5,3.892254,0.006352,7.794795,0.016255,11.076983,0.048345,6.739853,0.010999,2.794863,0.001200,0.913706,0.001323,17.328794,0.197317,31.361028,0.096380
metr_la,staeformer,STAEformer,5,2.930198,0.007707,5.960285,0.014437,8.075383,0.018465,5.072886,0.013342,,,,,,,,
pems_bay,fourier,Fourier,5,2.037600,0.005171,4.850522,0.024022,4.599912,0.021561,3.261973,0.008278,2.006377,0.002195,0.921203,0.006325,9.399365,0.133238,15.618160,0.125763
pems_bay,historical_average,Historical average,1,3.842054,,7.164183,,9.456030,,6.150703,,,,,,,,,
pems_bay,mlp,MLP,5,2.030498,0.005894,4.812761,0.014040,4.624595,0.026902,3.250603,0.009435,2.010152,0.003708,0.925909,0.004693,9.628630,0.200396,15.661409,0.070027
pems_bay,none,QUARTS backbone,5,1.990875,0.002288,4.680480,0.016085,4.513141,0.018889,3.187170,0.003663,2.334217,0.000977,0.910977,0.000412,9.131544,0.013634,22.149558,0.049125
pems_bay,persistence,Persistence,1,2.169197,,5.122519,,4.670013,,3.472644,,,,,,,,,
pems_bay,quantum,Entangled QUARTS,5,2.029520,0.004258,4.822188,0.028975,4.573516,0.019395,3.249037,0.006816,2.005793,0.003128,0.920622,0.005170,9.294170,0.215021,15.542694,0.152136
pems_bay,separable,Separable VQC,5,2.024804,0.003642,4.802053,0.006690,4.581322,0.027750,3.241488,0.005831,2.008821,0.004870,0.922986,0.004030,9.491280,0.121178,15.596444,0.083266
pems_bay,staeformer,STAEformer,5,1.539357,0.002326,3.552681,0.011220,3.451952,0.029298,2.464255,0.003723,,,,,,,,
