dataset,model,runs,parameters_mean,total_seconds_mean,total_seconds_sd,inference_seconds_mean,inference_seconds_sd,MAE_mean
metr_la,fourier,5,4196.000000,162.158370,44.890379,0.730139,0.247666,3.903858
metr_la,historical_average,1,0.000000,4.380710,,0.000000,,5.161043
metr_la,mlp,5,4344.000000,208.932197,0.746364,1.137742,0.024669,3.900337
metr_la,none,5,3864.000000,188.333503,36.666430,1.006815,0.266147,3.876265
metr_la,persistence,1,0.000000,1.134782,,0.000000,,4.234819
metr_la,quantum,5,4140.000000,1544.297716,0.962199,4.538006,0.020143,3.896917
metr_la,separable,5,4140.000000,1539.875008,5.982335,4.528882,0.022539,3.892254
metr_la,staeformer,5,1258980.000000,6850.853620,201.522102,25.190386,0.303342,2.930198
pems_bay,fourier,5,4196.000000,291.879418,0.209581,1.162261,0.016512,2.037600
pems_bay,historical_average,1,0.000000,8.744463,,0.000000,,3.842054
pems_bay,mlp,5,4344.000000,287.440319,0.474273,1.135232,0.024145,2.030498
pems_bay,none,5,3864.000000,283.344439,0.646733,1.109489,0.026177,1.990875
pems_bay,persistence,1,0.000000,2.552145,,0.000000,,2.169197
pems_bay,quantum,5,4140.000000,3947.690992,6.856485,12.574013,0.074775,2.029520
pems_bay,separable,5,4140.000000,3792.570395,145.730234,11.957996,1.063077,2.024804
pems_bay,staeformer,5,1372260.000000,15694.556148,2239.500488,58.138834,3.574236,1.539357
