dataset,comparison,statistic,pvalue,cliffs_delta,estimate,ci_low,ci_high,pvalue_holm,reject_holm_0.05
metr_la,quantum-vs-fourier,3989216.000000,0.000000,-0.001530,-0.007326,-0.009639,-0.005255,0.000000,True
metr_la,quantum-vs-historical_average,2362177.000000,0.000000,-0.213240,-1.339370,-1.794355,-0.938725,0.000000,True
metr_la,quantum-vs-mlp,4876912.500000,0.000000,-0.000821,-0.003770,-0.005195,-0.002437,0.000000,True
metr_la,quantum-vs-none,4573230.500000,0.000000,0.002879,0.020357,0.013304,0.027181,0.000000,True
metr_la,quantum-vs-persistence,1252457.000000,0.000000,-0.100406,-0.307951,-0.374766,-0.223930,0.000000,True
metr_la,quantum-vs-separable,4406644.000000,0.000000,0.000804,0.005526,0.003576,0.007606,0.000000,True
metr_la,quantum-vs-staeformer,213098.000000,0.000000,0.295023,0.982706,0.847919,1.114316,0.000000,True
pems_bay,quantum-vs-fourier,21591951.500000,0.000000,-0.003299,-0.007780,-0.010021,-0.005461,0.000000,True
pems_bay,quantum-vs-historical_average,693992.000000,0.000000,-0.570141,-1.783866,-2.027855,-1.555984,0.000000,True
pems_bay,quantum-vs-mlp,30362758.000000,0.000000,0.000259,-0.000710,-0.002008,0.000559,0.000000,True
pems_bay,quantum-vs-none,21512375.500000,0.000000,0.016053,0.037755,0.028137,0.047046,0.000000,True
pems_bay,quantum-vs-persistence,2253372.500000,0.000000,-0.070566,-0.138664,-0.150933,-0.125944,0.000000,True
pems_bay,quantum-vs-separable,21921996.000000,0.000000,0.002172,0.004699,0.003836,0.005546,0.000000,True
pems_bay,quantum-vs-staeformer,5713445.000000,0.000000,0.229905,0.479299,0.376713,0.576880,0.000000,True
