seed,model,dimension,level,observations,WIS,coverage90,width90
17,mlp,forecast_horizon,1,1036432,15.181671142578125,0.9019144526606666,105.4295425415039
17,mlp,forecast_horizon,2,1036432,15.846840858459473,0.9028947388733656,110.0146713256836
17,mlp,forecast_horizon,3,1036432,16.382064819335938,0.9024634515337234,113.40601348876953
17,mlp,forecast_horizon,4,1036432,17.02647590637207,0.9022251339209905,117.92706298828125
17,mlp,forecast_horizon,5,1036432,17.60807228088379,0.9044548991154268,122.88526153564453
17,mlp,forecast_horizon,6,1036432,18.294084548950195,0.9048717137255508,127.9555435180664
17,mlp,forecast_horizon,7,1036432,19.06425666809082,0.9050830155765164,133.4225616455078
17,mlp,forecast_horizon,8,1036432,19.719070434570312,0.9077990644827639,139.35891723632812
17,mlp,forecast_horizon,9,1036432,20.383108139038086,0.9082332463683097,144.07333374023438
17,mlp,forecast_horizon,10,1036432,21.14190673828125,0.9079341432916004,149.2563018798828
17,mlp,forecast_horizon,11,1036432,21.866222381591797,0.9098792781388456,155.3937225341797
17,mlp,forecast_horizon,12,1036432,22.758333206176758,0.9104745897463606,162.19288635253906
17,mlp,traffic_intensity_quartile,Q1,3079861,9.652413368225098,0.9875624257068745,102.42041778564453
17,mlp,traffic_intensity_quartile,Q2,3125991,13.982444763183594,0.9270979986826577,107.22689056396484
17,mlp,traffic_intensity_quartile,Q3,3107177,19.340587615966797,0.8800969497392649,129.02357482910156
17,mlp,traffic_intensity_quartile,Q4,3124155,31.991844177246094,0.8289944000857832,188.0173797607422
17,mlp,base_residual_quartile,Q1,3109153,7.718798637390137,1.0,112.91712951660156
17,mlp,base_residual_quartile,Q2,3109200,9.516247749328613,1.0,116.14051055908203
17,mlp,base_residual_quartile,Q3,3109451,14.810542106628418,0.9982135110024245,126.36896514892578
17,mlp,base_residual_quartile,Q4,3109380,43.04386901855469,0.6245392972232406,171.67665100097656
17,mlp,recent_local_volatility_quartile,Q1,3107376,10.77199649810791,0.970567128020555,102.49292755126953
17,mlp,recent_local_volatility_quartile,Q2,3109056,14.834044456481934,0.9128397815928694,107.83032989501953
17,mlp,recent_local_volatility_quartile,Q3,3109584,19.38316535949707,0.8793938353168784,126.18340301513672
17,mlp,recent_local_volatility_quartile,Q4,3111168,30.089357376098633,0.8600123812021723,190.54376220703125
17,mlp,dominant_interval_expert,1,12000948,17.78280258178711,0.9068488589401438,125.60208892822266
17,mlp,dominant_interval_expert,2,436068,45.97334289550781,0.8737880330590642,301.56524658203125
17,mlp,dominant_interval_expert,3,168,127.7827377319336,0.6071428571428571,466.5108947753906
17,fourier,forecast_horizon,1,1036432,15.116647720336914,0.8964698118159223,102.28419494628906
17,fourier,forecast_horizon,2,1036432,15.775277137756348,0.8987150145885113,107.24073791503906
17,fourier,forecast_horizon,3,1036432,16.302522659301758,0.8978466508174198,110.35391998291016
17,fourier,forecast_horizon,4,1036432,16.940000534057617,0.8974066798400667,114.65374755859375
17,fourier,forecast_horizon,5,1036432,17.50933074951172,0.9001236935949488,119.57608032226562
17,fourier,forecast_horizon,6,1036432,18.183042526245117,0.9012699337727897,124.73209381103516
17,fourier,forecast_horizon,7,1036432,18.940019607543945,0.9018555968939592,130.1964569091797
17,fourier,forecast_horizon,8,1036432,19.58391571044922,0.90403326026213,135.6696014404297
17,fourier,forecast_horizon,9,1036432,20.23879623413086,0.9053743998641494,140.70654296875
17,fourier,forecast_horizon,10,1036432,20.990476608276367,0.9058027926578879,146.17861938476562
17,fourier,forecast_horizon,11,1036432,21.705976486206055,0.9083760439662226,152.50758361816406
17,fourier,forecast_horizon,12,1036432,22.589296340942383,0.9089983713355049,159.18017578125
17,fourier,traffic_intensity_quartile,Q1,3079861,9.34683895111084,0.9844668314576535,94.74738311767578
17,fourier,traffic_intensity_quartile,Q2,3125991,13.838854789733887,0.9162105713036282,101.27387237548828
17,fourier,traffic_intensity_quartile,Q3,3107177,19.35493278503418,0.8794124055372449,130.2686309814453
17,fourier,traffic_intensity_quartile,Q4,3124155,31.9591007232666,0.8297021114509363,187.68177795410156
17,fourier,base_residual_quartile,Q1,3109153,7.492550373077393,1.0,107.86421966552734
17,fourier,base_residual_quartile,Q2,3109200,9.382816314697266,1.0,111.82964324951172
17,fourier,base_residual_quartile,Q3,3109451,14.845477104187012,0.9913151871504005,123.69135284423828
17,fourier,base_residual_quartile,Q4,3109380,42.90299606323242,0.6174529970605073,171.03907775878906
17,fourier,recent_local_volatility_quartile,Q1,3107376,10.513989448547363,0.9649858916333266,95.12828063964844
17,fourier,recent_local_volatility_quartile,Q2,3109056,14.672932624816895,0.9053603408880381,103.4078598022461
17,fourier,recent_local_volatility_quartile,Q3,3109584,19.301881790161133,0.8794854874478387,126.22078704833984
17,fourier,recent_local_volatility_quartile,Q4,3111168,30.123992919921875,0.8589928284168518,189.6105499267578
17,fourier,dominant_interval_expert,1,12417084,18.594745635986328,0.9022682781239137,128.23492431640625
17,fourier,dominant_interval_expert,3,20100,56.66481399536133,0.8534328358208956,358.3459777832031
42,mlp,forecast_horizon,1,1036432,24.233013153076172,0.8454640535992713,138.58790588378906
42,mlp,forecast_horizon,2,1036432,25.13409996032715,0.8428715053182457,144.59803771972656
42,mlp,forecast_horizon,3,1036432,25.031631469726562,0.8648266359973448,149.1427459716797
42,mlp,forecast_horizon,4,1036432,25.31676483154297,0.8683763141238402,151.62118530273438
42,mlp,forecast_horizon,5,1036432,25.226194381713867,0.8914294425490529,159.24896240234375
42,mlp,forecast_horizon,6,1036432,25.76107406616211,0.8969763573490591,164.91653442382812
42,mlp,forecast_horizon,7,1036432,27.270111083984375,0.8966135742624697,175.55258178710938
42,mlp,forecast_horizon,8,1036432,27.4570255279541,0.9066576485480958,181.14036560058594
42,mlp,forecast_horizon,9,1036432,28.265464782714844,0.9120347499884218,190.1238250732422
42,mlp,forecast_horizon,10,1036432,30.0223331451416,0.9182908285348195,206.9074249267578
42,mlp,forecast_horizon,11,1036432,30.184799194335938,0.9191080553282801,209.38348388671875
42,mlp,forecast_horizon,12,1036432,30.89337730407715,0.9236254766352254,218.26197814941406
42,mlp,traffic_intensity_quartile,Q1,3079861,11.189414024353027,0.9872585158875676,114.44568634033203
42,mlp,traffic_intensity_quartile,Q2,3125991,21.17983055114746,0.8867040883994868,137.04600524902344
42,mlp,traffic_intensity_quartile,Q3,3107177,30.9492244720459,0.8445370186506916,183.2271270751953
42,mlp,traffic_intensity_quartile,Q4,3124155,44.74630355834961,0.8447157711445175,261.0015869140625
42,mlp,base_residual_quartile,Q1,3109286,9.151841163635254,1.0,126.15718841552734
42,mlp,base_residual_quartile,Q2,3106404,12.988560676574707,1.0,133.32899475097656
42,mlp,base_residual_quartile,Q3,3111984,23.936349868774414,0.9088533231533324,158.93972778320312
42,mlp,base_residual_quartile,Q4,3109510,62.175655364990234,0.6533408800743525,278.0369567871094
42,mlp,recent_local_volatility_quartile,Q1,3107376,14.367692947387695,0.9576121460679364,119.94895935058594
42,mlp,recent_local_volatility_quartile,Q2,3109056,22.0931396484375,0.895100635048066,145.4574432373047
42,mlp,recent_local_volatility_quartile,Q3,3109584,29.529115676879883,0.8721874051320048,183.48321533203125
42,mlp,recent_local_volatility_quartile,Q4,3111168,42.25772476196289,0.8372669042623221,247.52479553222656
42,mlp,dominant_interval_expert,1,10642296,21.233449935913086,0.8942973395966435,142.18154907226562
42,mlp,dominant_interval_expert,2,1241016,56.33837890625,0.8625400478317765,329.345947265625
42,mlp,dominant_interval_expert,3,553872,73.55394744873047,0.8806980674235202,440.0794982910156
42,fourier,forecast_horizon,1,1036432,24.15804672241211,0.8605060438118468,142.7439727783203
42,fourier,forecast_horizon,2,1036432,24.920734405517578,0.8515329515105671,146.0028076171875
42,fourier,forecast_horizon,3,1036432,24.817060470581055,0.873871127097581,150.64401245117188
42,fourier,forecast_horizon,4,1036432,25.08827781677246,0.8759754619695262,152.72682189941406
42,fourier,forecast_horizon,5,1036432,25.02788734436035,0.8993363771091591,161.12620544433594
42,fourier,forecast_horizon,6,1036432,25.528770446777344,0.9025001157818362,165.1314239501953
42,fourier,forecast_horizon,7,1036432,27.034685134887695,0.9025367800299489,175.89698791503906
42,fourier,forecast_horizon,8,1036432,27.1976318359375,0.9120337851397873,181.43092346191406
42,fourier,forecast_horizon,9,1036432,28.03829574584961,0.9156577566111428,189.7459259033203
42,fourier,forecast_horizon,10,1036432,29.88226318359375,0.9215414035846057,207.42112731933594
42,fourier,forecast_horizon,11,1036432,30.08415985107422,0.9196522299581642,209.18670654296875
42,fourier,forecast_horizon,12,1036432,30.806413650512695,0.924189913086435,218.42604064941406
42,fourier,traffic_intensity_quartile,Q1,3079861,11.152322769165039,0.9868367436062861,114.70379638671875
42,fourier,traffic_intensity_quartile,Q2,3125991,21.123981475830078,0.8987268357458483,141.42724609375
42,fourier,traffic_intensity_quartile,Q3,3107177,30.62897491455078,0.8585873929937046,183.5139617919922
42,fourier,traffic_intensity_quartile,Q4,3124155,44.42351150512695,0.8433650058975947,259.7263488769531
42,fourier,base_residual_quartile,Q1,3109286,9.146971702575684,1.0,127.03308868408203
42,fourier,base_residual_quartile,Q2,3106404,13.101815223693848,1.0,134.87637329101562
42,fourier,base_residual_quartile,Q3,3111984,23.85580062866211,0.9247068750996149,161.7194061279297
42,fourier,base_residual_quartile,Q4,3109510,61.41083908081055,0.6618261398098093,276.4990234375
42,fourier,recent_local_volatility_quartile,Q1,3107376,14.291269302368164,0.958868511567316,119.84825897216797
42,fourier,recent_local_volatility_quartile,Q2,3109056,21.947704315185547,0.9054146982235122,147.92079162597656
42,fourier,recent_local_volatility_quartile,Q3,3109584,29.354637145996094,0.8798244395391795,184.4152374267578
42,fourier,recent_local_volatility_quartile,Q4,3111168,41.91703796386719,0.8424103102114704,247.8958282470703
42,fourier,dominant_interval_expert,1,11555016,23.303730010986328,0.9007626644567174,155.80517578125
42,fourier,dominant_interval_expert,3,882168,73.75205993652344,0.8422329987031949,426.9898681640625
73,mlp,forecast_horizon,1,1036432,15.834376335144043,0.8851579264245025,104.51697540283203
73,mlp,forecast_horizon,2,1036432,16.08367156982422,0.8850913518687188,105.1631088256836
73,mlp,forecast_horizon,3,1036432,16.585554122924805,0.8869332479120675,108.45186614990234
73,mlp,forecast_horizon,4,1036432,17.244768142700195,0.8911448122018618,113.01346588134766
73,mlp,forecast_horizon,5,1036432,17.654775619506836,0.8953785680102505,116.75753021240234
73,mlp,forecast_horizon,6,1036432,18.345245361328125,0.9015999120058046,123.139404296875
73,mlp,forecast_horizon,7,1036432,18.88222312927246,0.9024885375982216,127.21376037597656
73,mlp,forecast_horizon,8,1036432,19.779197692871094,0.90623407999753,134.15289306640625
73,mlp,forecast_horizon,9,1036432,20.571176528930664,0.9109444710313847,141.46194458007812
73,mlp,forecast_horizon,10,1036432,21.307903289794922,0.9102266236472822,146.6943817138672
73,mlp,forecast_horizon,11,1036432,22.0682430267334,0.9134810580916066,154.41566467285156
73,mlp,forecast_horizon,12,1036432,22.95284652709961,0.9145510752273184,160.98826599121094
73,mlp,traffic_intensity_quartile,Q1,3079861,13.810270309448242,0.9389089312796909,97.90286254882812
73,mlp,traffic_intensity_quartile,Q2,3125991,12.40745735168457,0.9516137442494236,105.01739501953125
73,mlp,traffic_intensity_quartile,Q3,3107177,20.27633285522461,0.8706237205025655,131.03421020507812
73,mlp,traffic_intensity_quartile,Q4,3124155,29.2142333984375,0.84028737370585,177.638671875
73,mlp,base_residual_quartile,Q1,3108097,8.480118751525879,1.0,111.9010009765625
73,mlp,base_residual_quartile,Q2,3108699,10.362218856811523,1.0,112.72416687011719
73,mlp,base_residual_quartile,Q3,3109658,14.824172973632812,0.9979267816589477,117.22572326660156
73,mlp,base_residual_quartile,Q4,3110730,42.08760070800781,0.6033336226544894,170.1115264892578
73,mlp,recent_local_volatility_quartile,Q1,3107376,12.309463500976562,0.9542832923984739,97.0832748413086
73,mlp,recent_local_volatility_quartile,Q2,3109056,13.530142784118652,0.9262149025298998,101.37117767333984
73,mlp,recent_local_volatility_quartile,Q3,3109584,18.554101943969727,0.8714892410045846,118.60686492919922
73,mlp,recent_local_volatility_quartile,Q4,3111168,31.364307403564453,0.849158579671686,194.867919921875
73,mlp,dominant_interval_expert,1,11039928,16.14759635925293,0.9051014644298405,111.3819351196289
73,mlp,dominant_interval_expert,2,1385856,40.94940948486328,0.8617446545672854,258.4103698730469
73,mlp,dominant_interval_expert,3,11400,50.27524185180664,0.9040350877192982,364.9388122558594
73,fourier,forecast_horizon,1,1036432,15.817432403564453,0.8886709403028853,105.12042999267578
73,fourier,forecast_horizon,2,1036432,16.051284790039062,0.8875989934699045,105.34487915039062
73,fourier,forecast_horizon,3,1036432,16.545129776000977,0.8895518471062259,108.44281768798828
73,fourier,forecast_horizon,4,1036432,17.189661026000977,0.893685258656622,113.04281616210938
73,fourier,forecast_horizon,5,1036432,17.602052688598633,0.8972166046590611,116.7843246459961
73,fourier,forecast_horizon,6,1036432,18.287790298461914,0.9028262346203128,123.10344696044922
73,fourier,forecast_horizon,7,1036432,18.84149742126465,0.9039734396467882,127.61457061767578
73,fourier,forecast_horizon,8,1036432,19.736906051635742,0.9082959615295553,134.96128845214844
73,fourier,forecast_horizon,9,1036432,20.532489776611328,0.912185266375411,141.88633728027344
73,fourier,forecast_horizon,10,1036432,21.276973724365234,0.9110660419593374,147.13778686523438
73,fourier,forecast_horizon,11,1036432,22.03748893737793,0.9139248884634978,154.92372131347656
73,fourier,forecast_horizon,12,1036432,22.908952713012695,0.9154310171820245,161.62059020996094
73,fourier,traffic_intensity_quartile,Q1,3079861,13.861373901367188,0.9456556643303058,101.2746810913086
73,fourier,traffic_intensity_quartile,Q2,3125991,12.525754928588867,0.9525468883307725,107.06269836425781
73,fourier,traffic_intensity_quartile,Q3,3107177,20.275632858276367,0.8733255298941772,130.8570098876953
73,fourier,traffic_intensity_quartile,Q4,3124155,28.886213302612305,0.837046817459441,173.77587890625
73,fourier,base_residual_quartile,Q1,3108097,8.504812240600586,1.0,112.8066177368164
73,fourier,base_residual_quartile,Q2,3108699,10.372847557067871,1.0,113.66617584228516
73,fourier,base_residual_quartile,Q3,3109658,14.734296798706055,1.0,117.72686767578125
73,fourier,base_residual_quartile,Q4,3110730,41.98146057128906,0.6083228052579298,169.10153198242188
73,fourier,recent_local_volatility_quartile,Q1,3107376,12.387914657592773,0.9602976916858469,100.71110534667969
73,fourier,recent_local_volatility_quartile,Q2,3109056,13.619526863098145,0.9276915565367752,103.4571533203125
73,fourier,recent_local_volatility_quartile,Q3,3109584,18.51823616027832,0.8737596411610041,118.89833068847656
73,fourier,recent_local_volatility_quartile,Q4,3111168,31.071826934814453,0.8464673074549494,190.20590209960938
73,fourier,dominant_interval_expert,1,12362616,18.591371536254883,0.9024422500868748,126.6297607421875
73,fourier,dominant_interval_expert,2,57348,73.6115493774414,0.8243356350700983,416.8603515625
73,fourier,dominant_interval_expert,3,17220,59.92528533935547,0.8688153310104529,389.41357421875
101,mlp,forecast_horizon,1,1036432,16.576772689819336,0.8919311638390169,108.14888763427734
101,mlp,forecast_horizon,2,1036432,16.98615837097168,0.8944841533260263,111.30745697021484
101,mlp,forecast_horizon,3,1036432,17.412691116333008,0.8967486530713061,114.84266662597656
101,mlp,forecast_horizon,4,1036432,17.84634017944336,0.8983425830155766,118.32405090332031
101,mlp,forecast_horizon,5,1036432,18.433256149291992,0.9002288620961144,122.51163482666016
101,mlp,forecast_horizon,6,1036432,18.802061080932617,0.903102181329793,126.50724792480469
101,mlp,forecast_horizon,7,1036432,19.398290634155273,0.9050791561819782,131.61094665527344
101,mlp,forecast_horizon,8,1036432,20.02963638305664,0.9077402087160567,136.7587127685547
101,mlp,forecast_horizon,9,1036432,20.5897274017334,0.9098300708584838,141.52198791503906
101,mlp,forecast_horizon,10,1036432,21.22990608215332,0.9105315158157988,146.27044677734375
101,mlp,forecast_horizon,11,1036432,21.981428146362305,0.9116671426586597,152.11306762695312
101,mlp,forecast_horizon,12,1036432,22.599899291992188,0.9123454312487457,157.3772430419922
101,mlp,traffic_intensity_quartile,Q1,3079861,13.095672607421875,0.9635379648626999,100.13579559326172
101,mlp,traffic_intensity_quartile,Q2,3125991,14.840160369873047,0.9207726445789511,107.12094116210938
101,mlp,traffic_intensity_quartile,Q3,3107177,21.668363571166992,0.8635256375803503,134.2777099609375
101,mlp,traffic_intensity_quartile,Q4,3124155,27.618261337280273,0.8667979021527421,180.49884033203125
101,mlp,base_residual_quartile,Q1,3108424,9.21811580657959,1.0,112.289306640625
101,mlp,base_residual_quartile,Q2,3107767,11.038424491882324,1.0,112.58706665039062
101,mlp,base_residual_quartile,Q3,3110955,15.40633487701416,0.9936636820526172,123.32374572753906
101,mlp,base_residual_quartile,Q4,3110038,41.62238693237305,0.6204406505643982,174.21075439453125
101,mlp,recent_local_volatility_quartile,Q1,3107376,12.199378967285156,0.9749788889403793,100.61674499511719
101,mlp,recent_local_volatility_quartile,Q2,3109056,14.78569221496582,0.9235703699129253,108.45977020263672
101,mlp,recent_local_volatility_quartile,Q3,3109584,19.734590530395508,0.8719548981471477,126.43412780761719
101,mlp,recent_local_volatility_quartile,Q4,3111168,30.56417465209961,0.8435908957664774,186.866943359375
101,mlp,dominant_interval_expert,1,10817952,16.464351654052734,0.9078075036753722,112.71824645996094
101,mlp,dominant_interval_expert,2,1616796,38.41118621826172,0.8746607487895813,249.92160034179688
101,mlp,dominant_interval_expert,3,2436,49.56566619873047,0.9285714285714286,386.073486328125
101,fourier,forecast_horizon,1,1036432,16.751415252685547,0.8989378946230915,113.1868667602539
101,fourier,forecast_horizon,2,1036432,17.1588191986084,0.9002307917933835,115.91777038574219
101,fourier,forecast_horizon,3,1036432,17.57748794555664,0.9015111459314262,119.04594421386719
101,fourier,forecast_horizon,4,1036432,18.010623931884766,0.9019848866109885,122.03520202636719
101,fourier,forecast_horizon,5,1036432,18.5952091217041,0.9044085863809685,126.46878814697266
101,fourier,forecast_horizon,6,1036432,18.956375122070312,0.9067618522006268,130.09185791015625
101,fourier,forecast_horizon,7,1036432,19.54152488708496,0.9084204270034117,134.7517852783203
101,fourier,forecast_horizon,8,1036432,20.15967559814453,0.9099198017814966,139.23841857910156
101,fourier,forecast_horizon,9,1036432,20.70676612854004,0.9116980178149652,143.6314697265625
101,fourier,forecast_horizon,10,1036432,21.336536407470703,0.9117308226685398,147.61080932617188
101,fourier,forecast_horizon,11,1036432,22.07691764831543,0.9120482578693054,152.84378051757812
101,fourier,forecast_horizon,12,1036432,22.68255043029785,0.9117211741821943,157.0272674560547
101,fourier,traffic_intensity_quartile,Q1,3079861,13.376676559448242,0.9584052656921854,105.12814331054688
101,fourier,traffic_intensity_quartile,Q2,3125991,15.016633987426758,0.929036264019954,111.8660659790039
101,fourier,traffic_intensity_quartile,Q3,3107177,21.720809936523438,0.8663526409985656,134.47906494140625
101,fourier,traffic_intensity_quartile,Q4,3124155,27.665756225585938,0.8731660240929148,182.09288024902344
101,fourier,base_residual_quartile,Q1,3108424,9.456064224243164,1.0,117.75927734375
101,fourier,base_residual_quartile,Q2,3107767,11.251035690307617,1.0,117.80382537841797
101,fourier,base_residual_quartile,Q3,3110955,15.391995429992676,0.9998714221195742,126.91377258300781
101,fourier,base_residual_quartile,Q4,3110038,41.74221420288086,0.6266756226129713,171.45533752441406
101,fourier,recent_local_volatility_quartile,Q1,3107376,12.5014066696167,0.9686960959986819,105.54014587402344
101,fourier,recent_local_volatility_quartile,Q2,3109056,14.967992782592773,0.9281360644517178,111.98171997070312
101,fourier,recent_local_volatility_quartile,Q3,3109584,19.82089614868164,0.8808338993254403,129.01097106933594
101,fourier,recent_local_volatility_quartile,Q4,3111168,30.54965591430664,0.8488689778244055,187.36624145507812
101,fourier,dominant_interval_expert,1,12434364,19.453693389892578,0.9066294021953998,133.43894958496094
101,fourier,dominant_interval_expert,2,2820,59.64522933959961,0.8407801418439717,347.3171081542969
202,mlp,forecast_horizon,1,1036432,22.274782180786133,0.7287607870077343,106.68045806884766
202,mlp,forecast_horizon,2,1036432,21.570575714111328,0.7545704879818455,106.5096664428711
202,mlp,forecast_horizon,3,1036432,20.84868049621582,0.795734790126125,109.48092651367188
202,mlp,forecast_horizon,4,1036432,20.260026931762695,0.8355531284252127,115.11241912841797
202,mlp,forecast_horizon,5,1036432,20.148113250732422,0.8645998965682263,123.09869384765625
202,mlp,forecast_horizon,6,1036432,20.300472259521484,0.891463212251262,134.01885986328125
202,mlp,forecast_horizon,7,1036432,20.922746658325195,0.9085670839958627,145.86952209472656
202,mlp,forecast_horizon,8,1036432,21.699874877929688,0.9145279188600892,154.5525360107422
202,mlp,forecast_horizon,9,1036432,22.852493286132812,0.9226751007301974,167.0702667236328
202,mlp,forecast_horizon,10,1036432,23.955636978149414,0.925965234574,177.2179718017578
202,mlp,forecast_horizon,11,1036432,25.361711502075195,0.9302317952359633,190.2735137939453
202,mlp,forecast_horizon,12,1036432,26.628467559814453,0.9322985010111614,201.28880310058594
202,mlp,traffic_intensity_quartile,Q1,3079861,13.071210861206055,0.9304036773088136,105.03560638427734
202,mlp,traffic_intensity_quartile,Q2,3125991,19.072593688964844,0.8654452300086597,121.57907104492188
202,mlp,traffic_intensity_quartile,Q3,3107177,25.482891082763672,0.8431454017585738,155.9381561279297
202,mlp,traffic_intensity_quartile,Q4,3124155,31.204103469848633,0.8300903764377888,194.02578735351562
202,mlp,base_residual_quartile,Q1,3108756,9.663390159606934,1.0,124.07500457763672
202,mlp,base_residual_quartile,Q2,3109764,11.862937927246094,1.0,122.46446228027344
202,mlp,base_residual_quartile,Q3,3109368,18.881153106689453,0.8938591379341396,132.05921936035156
202,mlp,base_residual_quartile,Q4,3109296,48.533206939697266,0.5744592988252003,198.45928955078125
202,mlp,recent_local_volatility_quartile,Q1,3107376,13.703282356262207,0.9230746456173955,108.03885650634766
202,mlp,recent_local_volatility_quartile,Q2,3109056,18.046449661254883,0.8690280908417217,120.14265441894531
202,mlp,recent_local_volatility_quartile,Q3,3109584,23.056516647338867,0.8453799607921831,142.04129028320312
202,mlp,recent_local_volatility_quartile,Q4,3111168,34.12211608886719,0.8308918065498231,206.7733917236328
202,mlp,dominant_interval_expert,1,11863296,20.889162063598633,0.8680481377182193,135.87220764160156
202,mlp,dominant_interval_expert,2,404700,49.826690673828125,0.813713862120089,296.7084655761719
202,mlp,dominant_interval_expert,3,169188,50.62543869018555,0.9267737664609783,368.0704040527344
202,fourier,forecast_horizon,1,1036432,22.450031280517578,0.7255545949951372,103.77325439453125
202,fourier,forecast_horizon,2,1036432,21.710662841796875,0.7525394816061256,103.86983489990234
202,fourier,forecast_horizon,3,1036432,20.970258712768555,0.7952041233771246,107.16970825195312
202,fourier,forecast_horizon,4,1036432,20.37432098388672,0.8340354215230714,112.7984390258789
202,fourier,forecast_horizon,5,1036432,20.240657806396484,0.862170407706439,120.59190368652344
202,fourier,forecast_horizon,6,1036432,20.379213333129883,0.8883535051021196,131.56922912597656
202,fourier,forecast_horizon,7,1036432,20.968212127685547,0.9054564119980857,143.70506286621094
202,fourier,forecast_horizon,8,1036432,21.723400115966797,0.9118745851150871,152.4752655029297
202,fourier,forecast_horizon,9,1036432,22.8477840423584,0.9196146008614169,164.88490295410156
202,fourier,forecast_horizon,10,1036432,23.918216705322266,0.923469171156429,175.056884765625
202,fourier,forecast_horizon,11,1036432,25.292451858520508,0.9278698457785942,187.89053344726562
202,fourier,forecast_horizon,12,1036432,26.523784637451172,0.9304681831514272,198.52261352539062
202,fourier,traffic_intensity_quartile,Q1,3079861,13.130890846252441,0.9370630687553756,107.41650390625
202,fourier,traffic_intensity_quartile,Q2,3125991,19.053333282470703,0.8732712282281043,123.05974578857422
202,fourier,traffic_intensity_quartile,Q3,3107177,25.39862823486328,0.846365366375974,154.3074493408203
202,fourier,traffic_intensity_quartile,Q4,3124155,31.43921661376953,0.803091395913455,182.24267578125
202,fourier,base_residual_quartile,Q1,3108756,9.641544342041016,1.0,123.70305633544922
202,fourier,base_residual_quartile,Q2,3109764,11.832158088684082,1.0,121.81754302978516
202,fourier,base_residual_quartile,Q3,3109368,18.815784454345703,0.8989083955324684,130.4921112060547
202,fourier,base_residual_quartile,Q4,3109296,48.842952728271484,0.559964056172201,191.42335510253906
202,fourier,recent_local_volatility_quartile,Q1,3107376,13.736200332641602,0.9295476311846393,109.72390747070312
202,fourier,recent_local_volatility_quartile,Q2,3109056,17.954055786132812,0.8768098741225633,121.28726196289062
202,fourier,recent_local_volatility_quartile,Q3,3109584,22.953283309936523,0.849211019866323,142.53089904785156
202,fourier,recent_local_volatility_quartile,Q4,3111168,34.47641372680664,0.8033809167489508,193.84115600585938
202,fourier,dominant_interval_expert,1,12274248,21.774198532104492,0.865630138807689,139.09640502929688
202,fourier,dominant_interval_expert,2,162936,60.63151168823242,0.7959689694113026,349.9725646972656
