seed,expert,share,mean_traffic_intensity,mean_recent_local_volatility,mean_absolute_base_residual
17,1,0.9983838785371351,217.45188903808594,0.14970149099826813,31.850021362304688
17,2,0.0,,,
17,3,0.0016161214628649058,407.73187255859375,0.7044830322265625,99.3243637084961
42,1,0.9290701174799697,201.24708557128906,0.14084674417972565,42.590728759765625
42,2,0.0,,,
42,3,0.07092988252003025,434.04425048828125,0.2783254384994507,147.85679626464844
73,1,0.9940044305849298,216.5295867919922,0.1486046314239502,32.466896057128906
73,2,0.004611011624496349,426.4121398925781,0.45991066098213196,132.66143798828125
73,3,0.0013845577905738148,405.81414794921875,0.5516397953033447,109.09895324707031
101,1,0.9997732605708817,217.73353576660156,0.15049044787883759,34.16355514526367
101,2,0.0002267394291183599,331.934814453125,0.6252862215042114,114.1180191040039
101,3,0.0,,,
202,1,0.9868992852401315,214.85438537597656,0.1464904248714447,37.90885543823242
202,2,0.013100714759868471,436.6022644042969,0.4600347876548767,109.37708282470703
202,3,0.0,,,
