dataset,comparison,seed,time_origins,block_length_origins,mean_MAE_difference,block_bootstrap_ci_low,block_bootstrap_ci_high
metr_la,quantum_minus_separable,17,6301,288,0.006009363,0.0034548500074770426,0.008731817099484654
metr_la,quantum_minus_separable,42,6301,288,0.013609569,0.008871031041146081,0.019016927433399864
metr_la,quantum_minus_separable,73,6301,288,-0.00681541,-0.009681946353256995,-0.00372551330742884
metr_la,quantum_minus_separable,101,6301,288,0.0057031214,0.004065976867390481,0.0073915142617401956
metr_la,quantum_minus_separable,202,6301,288,0.0056611546,0.0031238257123485215,0.008689860116298416
metr_la,quantum_minus_fourier,17,6301,288,-0.0019777352,-0.0033615426002391044,-0.0004581562707659139
metr_la,quantum_minus_fourier,42,6301,288,-0.0054101995,-0.0073906134360556645,-0.0034594346660221406
metr_la,quantum_minus_fourier,73,6301,288,-0.011227188,-0.014468548930631594,-0.007961144325866002
metr_la,quantum_minus_fourier,101,6301,288,0.0017034642,-0.0013288728714254123,0.005055607481904113
metr_la,quantum_minus_fourier,202,6301,288,-0.016850406,-0.021703780008164537,-0.012429950760292867
metr_la,quantum_minus_staeformer,17,6301,288,0.9906847,0.8595135350503386,1.1122247617928835
metr_la,quantum_minus_staeformer,42,6301,288,0.9901837,0.8639204923807865,1.1122975455973947
metr_la,quantum_minus_staeformer,73,6301,288,0.9679413,0.8417547694696659,1.0832685164356397
metr_la,quantum_minus_staeformer,101,6301,288,1.000437,0.8681886072755521,1.1198016621677331
metr_la,quantum_minus_staeformer,202,6301,288,0.97937036,0.8485812354364048,1.0976606177878823
pems_bay,quantum_minus_separable,17,10401,288,0.0071830587,0.0049893714696005575,0.009463135063728452
pems_bay,quantum_minus_separable,42,10401,288,0.0015904909,0.0006744677622654543,0.002444332707829114
pems_bay,quantum_minus_separable,73,10401,288,0.015229317,0.012146104184546938,0.018207939174149815
pems_bay,quantum_minus_separable,101,10401,288,-0.00015129602,-0.0007110914882530719,0.00041229824282414476
pems_bay,quantum_minus_separable,202,10401,288,-0.00026514244,-0.0018633547808938088,0.0013062547884094247
pems_bay,quantum_minus_fourier,17,10401,288,0.0038228875,0.0022957690381772266,0.005359551168132223
pems_bay,quantum_minus_fourier,42,10401,288,-0.0133759985,-0.01732613213339536,-0.00931550914287545
pems_bay,quantum_minus_fourier,73,10401,288,-0.0068446663,-0.008701694268565284,-0.0050205547062780595
pems_bay,quantum_minus_fourier,101,10401,288,-0.01682564,-0.020128426502764356,-0.013349925578872627
pems_bay,quantum_minus_fourier,202,10401,288,-0.0071664066,-0.010189892116813358,-0.004048369615143993
pems_bay,quantum_minus_staeformer,17,10401,288,0.4927428,0.40327521823335866,0.5839452628100358
pems_bay,quantum_minus_staeformer,42,10401,288,0.48613167,0.3977333054836181,0.5716208720113231
pems_bay,quantum_minus_staeformer,73,10401,288,0.4975922,0.4046692373907093,0.5861647703419016
pems_bay,quantum_minus_staeformer,101,10401,288,0.48532233,0.3959574520712563,0.5711403072333062
pems_bay,quantum_minus_staeformer,202,10401,288,0.49096912,0.40023808343965106,0.5774898130244307
