seed,model,WIS,coverage90,width90,parameters,mean_expert_weights,effective_experts,block_bootstrap_ci_low,block_bootstrap_ci_high
17,mlp,18.77268409729004,0.9056856439528433,131.77639770507812,351.0,"[0.8950015306472778, 0.08455923944711685, 0.022448891773819923]",1.482006311416626,,
17,fourier,18.656253814697266,0.9021893541174594,128.60655212402344,303.0,"[0.9077938199043274, 0.04106153920292854, 0.054682232439517975]",1.4591193199157715,,
17,fourier_minus_mlp,-0.11640240997076035,,,,,,-0.1440535696020341,-0.0896419160844873
42,mlp,27.066329956054688,0.8905228868528439,174.12364196777344,351.0,"[0.803604781627655, 0.12218747287988663, 0.075828917324543]",1.8741446733474731,,
42,fourier,26.882034301757812,0.8966111621408833,175.040283203125,303.0,"[0.826042115688324, 0.08057574927806854, 0.09539047628641129]",1.7948931455612183,,
42,fourier_minus_mlp,-0.18430469930171967,,,,,,-0.2891246021853239,-0.07561431237589128
73,mlp,18.942501068115234,0.9002693053347124,127.99739837646484,351.0,"[0.8554834723472595, 0.1213967502117157, 0.02502216398715973]",1.6189875602722168,,
73,fourier,18.902318954467773,0.9020355411643022,128.3318634033203,303.0,"[0.933035135269165, 0.029289746657013893, 0.04098218306899071]",1.3485113382339478,,
73,fourier_minus_mlp,-0.040192097425460815,,,,,,-0.0717826721298186,-0.0077484164192778366
101,mlp,19.32384490966797,0.9035025935131297,130.6078643798828,351.0,"[0.8345405459403992, 0.14743392169475555, 0.019843244925141335]",1.6669138669967651,,
101,fourier,19.46282196044922,0.9066144715716998,133.48760986328125,303.0,"[0.9188515543937683, 0.04100783169269562, 0.043094564229249954]",1.410926342010498,,
101,fourier_minus_mlp,0.13897712528705597,,,,,,0.10424238695493807,0.17407036034558057
202,mlp,22.235301971435547,0.86707899473064,144.2643585205078,351.0,"[0.8701461553573608, 0.07360576093196869, 0.05821904167532921]",1.6138461828231812,,
202,fourier,22.283248901367188,0.8647175276975881,141.85894775390625,303.0,"[0.891971230506897, 0.05740133672952652, 0.05345836654305458]",1.5258903503417969,,
202,fourier_minus_mlp,0.047948628664016724,,,,,,-0.034686134656741155,0.14687316264445183
