qubits,depth,MAE,RMSE,parameters,inference_seconds,statevector_dimension,CNOT_gates,trainable_rotation_parameters,circuit_instance_inference_seconds
2,1,3.900383,7.819067,4008,1.069244,4,2,6,1.069244
2,2,3.896257,7.781837,4014,1.971965,4,4,12,1.971965
2,3,3.895834,7.796861,4020,2.935098,4,6,18,2.935098
4,1,3.904593,7.826482,4128,2.445074,16,4,12,2.445074
4,2,3.898644,7.798431,4140,4.560035,16,8,24,4.560035
4,3,3.893997,7.796366,4152,6.607997,16,12,36,6.607997
6,1,3.88389,7.771863,4248,6.001851,64,6,18,6.001851
6,2,3.886321,7.771449,4266,11.354442,64,12,36,11.354442
6,3,3.886021,7.773982,4284,16.759681,64,18,54,16.759681
